All: LOW Risk,Base Infectivity,Demographic Coverage,Demographic_Coverage_Female_15_24,Demographic_Coverage_Male_15_24,HCT Uptake Post Debut Max,HCT Uptake Post Debut Mid,Informal Form Rate,Infrml Condom Mid,Infrml Condom Rate,Infrml Condoms Max,Male To Female Old,Male To Female Young,Marital Form Rate,Max Infrml F LOW,Max Infrml F MED,Max Infrml M LOW,Max Infrml M MED,Max Mrtl F MED,Max Mrtl M MED,Max Trns F LOW,Max Trns F MED,Max Trns M LOW,Max Trns M MED,Mrtl Condom Max,Mrtl Condom Mid,Mrtl Condom Rate,Pr Ex Infrml Fem LOW,Pr Ex Infrml Fem MED,Pr Ex Infrml Male LOW,Pr Ex Infrml Male MED,Pr Ex Trns Fem LOW,Pr Ex Trns Fem MED,Pr Ex Trns Male LOW,Pr Ex Trns Male MED,Risk Assortivity,SeedYr HIGH,SeedYr_High_Female_15_24,SeedYr_High_Male_15_24,Trans Form Rate,Trns Condom Mid,Trns Condom Rate,Trns Condoms Max,iteration_number,likelihood,parameterization_id,run_number,sim_id
0.7275985526139721,0.003002141767979273,0.3,0.20219107435947994,0.21403965703602368,0.5,2010.4294721180954,0.0011353060211830384,2006.1361258366203,3.5628322767712284,0.2805700631332648,1.6201482734156087,1.82520015310728,0.00013508778332560185,1.1039320315578147,3.913501507402552,1.328391870478734,3.151180054162586,1.1232137384090168,1.402263355888941,1.791443509480577,2.4566036394848223,1.9922708169001746,3.5944409533134647,0.2932017465853289,1991.5010756535144,2.4384867011613465,0.24154101653821028,0.31590555354415334,0.6,0.3191034048548319,0.15075993785609149,0.6154603636254782,0.2293722806255264,0.8,0.6120219797732992,1978.8237742338085,1973.3047821371983,1972.9182791083772,0.0009248378879249816,1990.0,2.9194466105554273,0.025683515093253336,12,-11.533530679474667,0,63640,Simulation_AZDO7Z6Q
0.7275985526139721,0.003002141767979273,0.3,0.20219107435947994,0.21403965703602368,0.5,2010.4294721180954,0.0011353060211830384,2006.1361258366203,3.5628322767712284,0.2805700631332648,1.6201482734156087,1.82520015310728,0.00013508778332560185,1.1039320315578147,3.913501507402552,1.328391870478734,3.151180054162586,1.1232137384090168,1.402263355888941,1.791443509480577,2.4566036394848223,1.9922708169001746,3.5944409533134647,0.2932017465853289,1991.5010756535144,2.4384867011613465,0.24154101653821028,0.31590555354415334,0.6,0.3191034048548319,0.15075993785609149,0.6154603636254782,0.2293722806255264,0.8,0.6120219797732992,1978.8237742338085,1973.3047821371983,1972.9182791083772,0.0009248378879249816,1990.0,2.9194466105554273,0.025683515093253336,12,-11.533530679474667,1,15880,Simulation_0JE2V2YF
0.7275985526139721,0.003002141767979273,0.3,0.20219107435947994,0.21403965703602368,0.5,2010.4294721180954,0.0011353060211830384,2006.1361258366203,3.5628322767712284,0.2805700631332648,1.6201482734156087,1.82520015310728,0.00013508778332560185,1.1039320315578147,3.913501507402552,1.328391870478734,3.151180054162586,1.1232137384090168,1.402263355888941,1.791443509480577,2.4566036394848223,1.9922708169001746,3.5944409533134647,0.2932017465853289,1991.5010756535144,2.4384867011613465,0.24154101653821028,0.31590555354415334,0.6,0.3191034048548319,0.15075993785609149,0.6154603636254782,0.2293722806255264,0.8,0.6120219797732992,1978.8237742338085,1973.3047821371983,1972.9182791083772,0.0009248378879249816,1990.0,2.9194466105554273,0.025683515093253336,12,-11.533530679474667,2,8329,Simulation_WJOMDTBW
0.743117408099137,0.002930159114607757,0.3,0.18552028330115233,0.2369824884053439,0.48031213536073,2010.5960436711018,0.0011219033245703045,2006.0650463655654,3.6926065594298505,0.2700201031870864,1.6263205660715327,1.5014680499410034,0.00012030460171117075,0.9095484674937382,4.0,1.2553793085430482,3.3181932724818415,1.308701011988908,1.431785087782072,1.905374826816483,2.2520405524599747,2.0,3.4034706820641283,0.27076220577697174,1991.2510955332725,2.799798184688219,0.23505068920083197,0.3087484077870246,0.5735405310440502,0.2934976151329603,0.14615398324375325,0.6286657722108248,0.19440842050222276,0.8,0.5768100742008015,1979.0838253209567,1972.8656714236101,1971.6090161698105,0.0011580140724298483,1990.2220231393053,3.0446703322675863,0.038994582458077506,13,-14.857392243684266,3,26632,Simulation_BZ9GLHQO
0.743117408099137,0.002930159114607757,0.3,0.18552028330115233,0.2369824884053439,0.48031213536073,2010.5960436711018,0.0011219033245703045,2006.0650463655654,3.6926065594298505,0.2700201031870864,1.6263205660715327,1.5014680499410034,0.00012030460171117075,0.9095484674937382,4.0,1.2553793085430482,3.3181932724818415,1.308701011988908,1.431785087782072,1.905374826816483,2.2520405524599747,2.0,3.4034706820641283,0.27076220577697174,1991.2510955332725,2.799798184688219,0.23505068920083197,0.3087484077870246,0.5735405310440502,0.2934976151329603,0.14615398324375325,0.6286657722108248,0.19440842050222276,0.8,0.5768100742008015,1979.0838253209567,1972.8656714236101,1971.6090161698105,0.0011580140724298483,1990.2220231393053,3.0446703322675863,0.038994582458077506,13,-14.857392243684266,4,14082,Simulation_4JVGD7QQ
0.743117408099137,0.002930159114607757,0.3,0.18552028330115233,0.2369824884053439,0.48031213536073,2010.5960436711018,0.0011219033245703045,2006.0650463655654,3.6926065594298505,0.2700201031870864,1.6263205660715327,1.5014680499410034,0.00012030460171117075,0.9095484674937382,4.0,1.2553793085430482,3.3181932724818415,1.308701011988908,1.431785087782072,1.905374826816483,2.2520405524599747,2.0,3.4034706820641283,0.27076220577697174,1991.2510955332725,2.799798184688219,0.23505068920083197,0.3087484077870246,0.5735405310440502,0.2934976151329603,0.14615398324375325,0.6286657722108248,0.19440842050222276,0.8,0.5768100742008015,1979.0838253209567,1972.8656714236101,1971.6090161698105,0.0011580140724298483,1990.2220231393053,3.0446703322675863,0.038994582458077506,13,-14.857392243684266,5,56881,Simulation_SF7IL83M
0.743117408099137,0.002930159114607757,0.3,0.18552028330115233,0.2369824884053439,0.48031213536073,2010.5960436711018,0.0011219033245703045,2006.0650463655654,3.6926065594298505,0.2700201031870864,1.6263205660715327,1.5014680499410034,0.00012030460171117075,0.9095484674937382,4.0,1.2553793085430482,3.3181932724818415,1.308701011988908,1.431785087782072,1.905374826816483,2.2520405524599747,2.0,3.4034706820641283,0.27076220577697174,1991.2510955332725,2.799798184688219,0.23505068920083197,0.3087484077870246,0.5735405310440502,0.2934976151329603,0.14615398324375325,0.6286657722108248,0.19440842050222276,0.8,0.5768100742008015,1979.0838253209567,1972.8656714236101,1971.6090161698105,0.0011580140724298483,1990.2220231393053,3.0446703322675863,0.038994582458077506,14,-14.980808195382322,6,19950,Simulation_1PFPGKXG
0.743117408099137,0.002930159114607757,0.3,0.18552028330115233,0.2369824884053439,0.48031213536073,2010.5960436711018,0.0011219033245703045,2006.0650463655654,3.6926065594298505,0.2700201031870864,1.6263205660715327,1.5014680499410034,0.00012030460171117075,0.9095484674937382,4.0,1.2553793085430482,3.3181932724818415,1.308701011988908,1.431785087782072,1.905374826816483,2.2520405524599747,2.0,3.4034706820641283,0.27076220577697174,1991.2510955332725,2.799798184688219,0.23505068920083197,0.3087484077870246,0.5735405310440502,0.2934976151329603,0.14615398324375325,0.6286657722108248,0.19440842050222276,0.8,0.5768100742008015,1979.0838253209567,1972.8656714236101,1971.6090161698105,0.0011580140724298483,1990.2220231393053,3.0446703322675863,0.038994582458077506,14,-14.980808195382322,7,205,Simulation_OV4HPOUD
0.743117408099137,0.002930159114607757,0.3,0.18552028330115233,0.2369824884053439,0.48031213536073,2010.5960436711018,0.0011219033245703045,2006.0650463655654,3.6926065594298505,0.2700201031870864,1.6263205660715327,1.5014680499410034,0.00012030460171117075,0.9095484674937382,4.0,1.2553793085430482,3.3181932724818415,1.308701011988908,1.431785087782072,1.905374826816483,2.2520405524599747,2.0,3.4034706820641283,0.27076220577697174,1991.2510955332725,2.799798184688219,0.23505068920083197,0.3087484077870246,0.5735405310440502,0.2934976151329603,0.14615398324375325,0.6286657722108248,0.19440842050222276,0.8,0.5768100742008015,1979.0838253209567,1972.8656714236101,1971.6090161698105,0.0011580140724298483,1990.2220231393053,3.0446703322675863,0.038994582458077506,14,-14.980808195382322,8,24355,Simulation_X6NBNK7B
0.7569476883375752,0.0031326504762526092,0.2754612812868885,0.12477633606325902,0.27349677638481457,0.4260003329726678,2008.8903672963984,0.0011963813473929406,2006.3054955341797,4.0,0.25114206682491097,1.5695030393024447,1.3062735218823307,0.00010854436974135435,0.9,3.9174760556696286,1.2554726983339812,3.0230214875757735,1.158330515616986,1.4819015409392369,1.9195091767927932,2.2509673780267274,1.9192133399508187,3.2208307740994773,0.29231583575605974,1994.1072466712242,2.8738849356611085,0.18610773979141348,0.29448342227103746,0.5589502770847419,0.36721319402446817,0.1245717297756556,0.5773718629927088,0.22918749473151973,0.8,0.5256464491117956,1982.4970973157197,1972.1183212213436,1972.5826180824545,0.0012399835946123642,1990.0,3.015637066934943,0.0,14,-15.130501795024431,9,59286,Simulation_JOAMOACD
0.7569476883375752,0.0031326504762526092,0.2754612812868885,0.12477633606325902,0.27349677638481457,0.4260003329726678,2008.8903672963984,0.0011963813473929406,2006.3054955341797,4.0,0.25114206682491097,1.5695030393024447,1.3062735218823307,0.00010854436974135435,0.9,3.9174760556696286,1.2554726983339812,3.0230214875757735,1.158330515616986,1.4819015409392369,1.9195091767927932,2.2509673780267274,1.9192133399508187,3.2208307740994773,0.29231583575605974,1994.1072466712242,2.8738849356611085,0.18610773979141348,0.29448342227103746,0.5589502770847419,0.36721319402446817,0.1245717297756556,0.5773718629927088,0.22918749473151973,0.8,0.5256464491117956,1982.4970973157197,1972.1183212213436,1972.5826180824545,0.0012399835946123642,1990.0,3.015637066934943,0.0,14,-15.130501795024431,10,46192,Simulation_0R5P4KO0
0.7569476883375752,0.0031326504762526092,0.2754612812868885,0.12477633606325902,0.27349677638481457,0.4260003329726678,2008.8903672963984,0.0011963813473929406,2006.3054955341797,4.0,0.25114206682491097,1.5695030393024447,1.3062735218823307,0.00010854436974135435,0.9,3.9174760556696286,1.2554726983339812,3.0230214875757735,1.158330515616986,1.4819015409392369,1.9195091767927932,2.2509673780267274,1.9192133399508187,3.2208307740994773,0.29231583575605974,1994.1072466712242,2.8738849356611085,0.18610773979141348,0.29448342227103746,0.5589502770847419,0.36721319402446817,0.1245717297756556,0.5773718629927088,0.22918749473151973,0.8,0.5256464491117956,1982.4970973157197,1972.1183212213436,1972.5826180824545,0.0012399835946123642,1990.0,3.015637066934943,0.0,14,-15.130501795024431,11,61553,Simulation_EULOQW1V
0.7401541188562407,0.0026462947774183654,0.29102201142936585,0.18306571638469832,0.24481451869279197,0.4650848963434287,2009.5226592979081,0.0011340124819158358,2007.27247129349,4.0,0.24337843992528777,1.855013397140926,1.812570895886539,0.00013340710370861466,0.9,4.0,1.3259319378824321,2.989214023640862,1.290050263930919,1.4490455924289984,1.8500991033832137,2.4977607030551203,1.8020196160433555,3.189259513866985,0.23237079396975033,1990.9012327831701,2.8212505949963558,0.23282623579906653,0.33589954411729034,0.44778287481502577,0.28626512537622356,0.10711738551692951,0.6813722982489456,0.2174927554294473,0.7011534964265297,0.6038972328056068,1978.1034322484497,1972.4469902377386,1970.1700172136054,0.0009251318766354654,1990.0,3.2450254853712113,0.08775485277469569,14,-15.470396102988092,12,16602,Simulation_NAD37B26
0.7401541188562407,0.0026462947774183654,0.29102201142936585,0.18306571638469832,0.24481451869279197,0.4650848963434287,2009.5226592979081,0.0011340124819158358,2007.27247129349,4.0,0.24337843992528777,1.855013397140926,1.812570895886539,0.00013340710370861466,0.9,4.0,1.3259319378824321,2.989214023640862,1.290050263930919,1.4490455924289984,1.8500991033832137,2.4977607030551203,1.8020196160433555,3.189259513866985,0.23237079396975033,1990.9012327831701,2.8212505949963558,0.23282623579906653,0.33589954411729034,0.44778287481502577,0.28626512537622356,0.10711738551692951,0.6813722982489456,0.2174927554294473,0.7011534964265297,0.6038972328056068,1978.1034322484497,1972.4469902377386,1970.1700172136054,0.0009251318766354654,1990.0,3.2450254853712113,0.08775485277469569,14,-15.470396102988092,13,43861,Simulation_VY6D36FP
0.7401541188562407,0.0026462947774183654,0.29102201142936585,0.18306571638469832,0.24481451869279197,0.4650848963434287,2009.5226592979081,0.0011340124819158358,2007.27247129349,4.0,0.24337843992528777,1.855013397140926,1.812570895886539,0.00013340710370861466,0.9,4.0,1.3259319378824321,2.989214023640862,1.290050263930919,1.4490455924289984,1.8500991033832137,2.4977607030551203,1.8020196160433555,3.189259513866985,0.23237079396975033,1990.9012327831701,2.8212505949963558,0.23282623579906653,0.33589954411729034,0.44778287481502577,0.28626512537622356,0.10711738551692951,0.6813722982489456,0.2174927554294473,0.7011534964265297,0.6038972328056068,1978.1034322484497,1972.4469902377386,1970.1700172136054,0.0009251318766354654,1990.0,3.2450254853712113,0.08775485277469569,14,-15.470396102988092,14,56588,Simulation_WN44GFB7
0.743117408099137,0.002930159114607757,0.3,0.18552028330115233,0.2369824884053439,0.48031213536073,2010.5960436711018,0.0011219033245703045,2006.0650463655654,3.6926065594298505,0.2700201031870864,1.6263205660715327,1.5014680499410034,0.00012030460171117075,0.9095484674937382,4.0,1.2553793085430482,3.3181932724818415,1.308701011988908,1.431785087782072,1.905374826816483,2.2520405524599747,2.0,3.4034706820641283,0.27076220577697174,1991.2510955332725,2.799798184688219,0.23505068920083197,0.3087484077870246,0.5735405310440502,0.2934976151329603,0.14615398324375325,0.6286657722108248,0.19440842050222276,0.8,0.5768100742008015,1979.0838253209567,1972.8656714236101,1971.6090161698105,0.0011580140724298483,1990.2220231393053,3.0446703322675863,0.038994582458077506,14,-16.214497682402687,15,15867,Simulation_D9HXRVZ3
0.743117408099137,0.002930159114607757,0.3,0.18552028330115233,0.2369824884053439,0.48031213536073,2010.5960436711018,0.0011219033245703045,2006.0650463655654,3.6926065594298505,0.2700201031870864,1.6263205660715327,1.5014680499410034,0.00012030460171117075,0.9095484674937382,4.0,1.2553793085430482,3.3181932724818415,1.308701011988908,1.431785087782072,1.905374826816483,2.2520405524599747,2.0,3.4034706820641283,0.27076220577697174,1991.2510955332725,2.799798184688219,0.23505068920083197,0.3087484077870246,0.5735405310440502,0.2934976151329603,0.14615398324375325,0.6286657722108248,0.19440842050222276,0.8,0.5768100742008015,1979.0838253209567,1972.8656714236101,1971.6090161698105,0.0011580140724298483,1990.2220231393053,3.0446703322675863,0.038994582458077506,14,-16.214497682402687,16,50814,Simulation_F8U5E9GN
0.743117408099137,0.002930159114607757,0.3,0.18552028330115233,0.2369824884053439,0.48031213536073,2010.5960436711018,0.0011219033245703045,2006.0650463655654,3.6926065594298505,0.2700201031870864,1.6263205660715327,1.5014680499410034,0.00012030460171117075,0.9095484674937382,4.0,1.2553793085430482,3.3181932724818415,1.308701011988908,1.431785087782072,1.905374826816483,2.2520405524599747,2.0,3.4034706820641283,0.27076220577697174,1991.2510955332725,2.799798184688219,0.23505068920083197,0.3087484077870246,0.5735405310440502,0.2934976151329603,0.14615398324375325,0.6286657722108248,0.19440842050222276,0.8,0.5768100742008015,1979.0838253209567,1972.8656714236101,1971.6090161698105,0.0011580140724298483,1990.2220231393053,3.0446703322675863,0.038994582458077506,14,-16.214497682402687,17,17322,Simulation_69T65N2F
0.6899564264926159,0.003090203791522005,0.27423570644906514,0.24042533649257197,0.1946696922284063,0.46611915961188877,2009.4934018925087,0.001716171377311085,2006.9852057513533,3.1046474533199326,0.31577183298093864,1.3080606276145224,1.5437116091765644,0.00012983610438387867,1.1824215939284044,3.5042030360835112,1.5090515169307692,3.9295663891448718,1.1798233451202615,1.5714141742683347,1.8919793126183426,1.9948649843782684,2.0,3.2301278208611657,0.1496087288840066,1994.5723610940706,1.8589995468177827,0.2945219327908304,0.2725683466563896,0.5795467486430159,0.3128822699950521,0.12666618780887773,0.6478820829901553,0.20837853862593966,0.7524600197865458,0.5985791145180602,1980.2709313016182,1970.6084317110708,1976.2152234570297,0.0007594494578205978,1996.1449413316625,2.349931197405387,0.06839678504861482,12,-16.22961729101665,18,35615,Simulation_EVCM9QMM
0.6899564264926159,0.003090203791522005,0.27423570644906514,0.24042533649257197,0.1946696922284063,0.46611915961188877,2009.4934018925087,0.001716171377311085,2006.9852057513533,3.1046474533199326,0.31577183298093864,1.3080606276145224,1.5437116091765644,0.00012983610438387867,1.1824215939284044,3.5042030360835112,1.5090515169307692,3.9295663891448718,1.1798233451202615,1.5714141742683347,1.8919793126183426,1.9948649843782684,2.0,3.2301278208611657,0.1496087288840066,1994.5723610940706,1.8589995468177827,0.2945219327908304,0.2725683466563896,0.5795467486430159,0.3128822699950521,0.12666618780887773,0.6478820829901553,0.20837853862593966,0.7524600197865458,0.5985791145180602,1980.2709313016182,1970.6084317110708,1976.2152234570297,0.0007594494578205978,1996.1449413316625,2.349931197405387,0.06839678504861482,12,-16.22961729101665,19,18895,Simulation_OYGYG4ZZ
0.6899564264926159,0.003090203791522005,0.27423570644906514,0.24042533649257197,0.1946696922284063,0.46611915961188877,2009.4934018925087,0.001716171377311085,2006.9852057513533,3.1046474533199326,0.31577183298093864,1.3080606276145224,1.5437116091765644,0.00012983610438387867,1.1824215939284044,3.5042030360835112,1.5090515169307692,3.9295663891448718,1.1798233451202615,1.5714141742683347,1.8919793126183426,1.9948649843782684,2.0,3.2301278208611657,0.1496087288840066,1994.5723610940706,1.8589995468177827,0.2945219327908304,0.2725683466563896,0.5795467486430159,0.3128822699950521,0.12666618780887773,0.6478820829901553,0.20837853862593966,0.7524600197865458,0.5985791145180602,1980.2709313016182,1970.6084317110708,1976.2152234570297,0.0007594494578205978,1996.1449413316625,2.349931197405387,0.06839678504861482,12,-16.22961729101665,20,29231,Simulation_HOR5T2DG
0.6867683059766301,0.0032853896157146773,0.3,0.23414189368125576,0.25849292392193274,0.4473325172598758,2010.2193377719657,0.0016454053120443296,2006.4810556222212,3.5646563822125334,0.3067381946501377,1.4754031918537185,1.8455506923872285,0.00014074439475863766,1.3239130019444427,3.6032997304146694,1.3611595099869946,2.9681824027322876,0.9772101439558112,1.447773587112988,1.7623882562665945,2.183857905782224,2.0,3.0456239596628865,0.17668701208956333,1990.5834256665823,2.2236729238681088,0.26674246510540445,0.1969652447615241,0.5147627738766153,0.3553293246924638,0.1413655691808236,0.4519950745990577,0.1927446079818874,0.7393227310321527,0.6285770148616752,1980.0484673164592,1974.3905180197883,1974.9108817233807,0.00108777606413242,1992.1667478872555,2.90351905912787,0.1127297163411309,12,-16.520067977841183,21,16211,Simulation_O13RFECB
0.6867683059766301,0.0032853896157146773,0.3,0.23414189368125576,0.25849292392193274,0.4473325172598758,2010.2193377719657,0.0016454053120443296,2006.4810556222212,3.5646563822125334,0.3067381946501377,1.4754031918537185,1.8455506923872285,0.00014074439475863766,1.3239130019444427,3.6032997304146694,1.3611595099869946,2.9681824027322876,0.9772101439558112,1.447773587112988,1.7623882562665945,2.183857905782224,2.0,3.0456239596628865,0.17668701208956333,1990.5834256665823,2.2236729238681088,0.26674246510540445,0.1969652447615241,0.5147627738766153,0.3553293246924638,0.1413655691808236,0.4519950745990577,0.1927446079818874,0.7393227310321527,0.6285770148616752,1980.0484673164592,1974.3905180197883,1974.9108817233807,0.00108777606413242,1992.1667478872555,2.90351905912787,0.1127297163411309,12,-16.520067977841183,22,52103,Simulation_O7BFS6ZL
0.6867683059766301,0.0032853896157146773,0.3,0.23414189368125576,0.25849292392193274,0.4473325172598758,2010.2193377719657,0.0016454053120443296,2006.4810556222212,3.5646563822125334,0.3067381946501377,1.4754031918537185,1.8455506923872285,0.00014074439475863766,1.3239130019444427,3.6032997304146694,1.3611595099869946,2.9681824027322876,0.9772101439558112,1.447773587112988,1.7623882562665945,2.183857905782224,2.0,3.0456239596628865,0.17668701208956333,1990.5834256665823,2.2236729238681088,0.26674246510540445,0.1969652447615241,0.5147627738766153,0.3553293246924638,0.1413655691808236,0.4519950745990577,0.1927446079818874,0.7393227310321527,0.6285770148616752,1980.0484673164592,1974.3905180197883,1974.9108817233807,0.00108777606413242,1992.1667478872555,2.90351905912787,0.1127297163411309,12,-16.520067977841183,23,6531,Simulation_BXOTGF5P
0.838822371606375,0.0030037482843627747,0.27753552890405675,0.20604424260857102,0.23815039853604672,0.48471210638924656,2007.5181180062227,0.00108487312762129,2006.3243240200472,3.399167864679396,0.2277565358834731,1.535645596483906,1.7217849035477095,0.0001340687082119774,1.0956561334563344,3.5959730155705856,1.2377607935209372,2.7804784790168346,1.0396373732334614,1.4117927030451722,1.7226465755764808,2.832335899649876,1.9611658119788133,3.356924350228955,0.2834191126921403,1994.8022167072038,2.9246127953196814,0.2575674853566623,0.32237304774845355,0.533350887676051,0.33485156909419284,0.14080590641038074,0.5799385125771688,0.3022615332021245,0.775407661286814,0.6188436038118178,1979.5574636267481,1974.9188110840773,1972.668811418752,0.0009715844469940328,1991.082262046903,2.867350213873517,0.062214229489849476,13,-16.561969360646604,24,29418,Simulation_3KAAS2MQ
0.838822371606375,0.0030037482843627747,0.27753552890405675,0.20604424260857102,0.23815039853604672,0.48471210638924656,2007.5181180062227,0.00108487312762129,2006.3243240200472,3.399167864679396,0.2277565358834731,1.535645596483906,1.7217849035477095,0.0001340687082119774,1.0956561334563344,3.5959730155705856,1.2377607935209372,2.7804784790168346,1.0396373732334614,1.4117927030451722,1.7226465755764808,2.832335899649876,1.9611658119788133,3.356924350228955,0.2834191126921403,1994.8022167072038,2.9246127953196814,0.2575674853566623,0.32237304774845355,0.533350887676051,0.33485156909419284,0.14080590641038074,0.5799385125771688,0.3022615332021245,0.775407661286814,0.6188436038118178,1979.5574636267481,1974.9188110840773,1972.668811418752,0.0009715844469940328,1991.082262046903,2.867350213873517,0.062214229489849476,13,-16.561969360646604,25,56797,Simulation_ML77LMYA
0.838822371606375,0.0030037482843627747,0.27753552890405675,0.20604424260857102,0.23815039853604672,0.48471210638924656,2007.5181180062227,0.00108487312762129,2006.3243240200472,3.399167864679396,0.2277565358834731,1.535645596483906,1.7217849035477095,0.0001340687082119774,1.0956561334563344,3.5959730155705856,1.2377607935209372,2.7804784790168346,1.0396373732334614,1.4117927030451722,1.7226465755764808,2.832335899649876,1.9611658119788133,3.356924350228955,0.2834191126921403,1994.8022167072038,2.9246127953196814,0.2575674853566623,0.32237304774845355,0.533350887676051,0.33485156909419284,0.14080590641038074,0.5799385125771688,0.3022615332021245,0.775407661286814,0.6188436038118178,1979.5574636267481,1974.9188110840773,1972.668811418752,0.0009715844469940328,1991.082262046903,2.867350213873517,0.062214229489849476,13,-16.561969360646604,26,5346,Simulation_JI9P7U1N
0.6074506898431998,0.002790242121592881,0.3,0.21960617196402543,0.21591958240545206,0.46342189184099997,2007.884087542588,0.00107582513589206,2005.0072577121455,3.9442903848722413,0.24704738250853747,1.2939408969420407,2.219293115135228,0.00012528687228638034,1.3490332042714843,3.2333341786068606,1.3524414893406496,3.506630110392123,1.1028982896559432,1.4949512206852795,2.0,2.4091627739726436,2.0,3.2325899686356556,0.1415960916996782,1999.3852490759198,2.5515412106774953,0.40827456096989423,0.2807761248048926,0.5841868615671372,0.4252170966571102,0.10561156793885255,0.6801641168258683,0.27171385355578165,0.7059484584109228,0.6395046452869829,1980.7881774948946,1975.8332438809537,1974.8759631546325,0.0007962342415968107,1990.3887264863224,2.9020336343563944,0.1530266339486035,10,-16.659062355618257,27,22789,Simulation_IAUFNLN1
0.6074506898431998,0.002790242121592881,0.3,0.21960617196402543,0.21591958240545206,0.46342189184099997,2007.884087542588,0.00107582513589206,2005.0072577121455,3.9442903848722413,0.24704738250853747,1.2939408969420407,2.219293115135228,0.00012528687228638034,1.3490332042714843,3.2333341786068606,1.3524414893406496,3.506630110392123,1.1028982896559432,1.4949512206852795,2.0,2.4091627739726436,2.0,3.2325899686356556,0.1415960916996782,1999.3852490759198,2.5515412106774953,0.40827456096989423,0.2807761248048926,0.5841868615671372,0.4252170966571102,0.10561156793885255,0.6801641168258683,0.27171385355578165,0.7059484584109228,0.6395046452869829,1980.7881774948946,1975.8332438809537,1974.8759631546325,0.0007962342415968107,1990.3887264863224,2.9020336343563944,0.1530266339486035,10,-16.659062355618257,28,3332,Simulation_E6IYY58Q
0.6074506898431998,0.002790242121592881,0.3,0.21960617196402543,0.21591958240545206,0.46342189184099997,2007.884087542588,0.00107582513589206,2005.0072577121455,3.9442903848722413,0.24704738250853747,1.2939408969420407,2.219293115135228,0.00012528687228638034,1.3490332042714843,3.2333341786068606,1.3524414893406496,3.506630110392123,1.1028982896559432,1.4949512206852795,2.0,2.4091627739726436,2.0,3.2325899686356556,0.1415960916996782,1999.3852490759198,2.5515412106774953,0.40827456096989423,0.2807761248048926,0.5841868615671372,0.4252170966571102,0.10561156793885255,0.6801641168258683,0.27171385355578165,0.7059484584109228,0.6395046452869829,1980.7881774948946,1975.8332438809537,1974.8759631546325,0.0007962342415968107,1990.3887264863224,2.9020336343563944,0.1530266339486035,10,-16.659062355618257,29,4888,Simulation_NIC2YHAG
0.5453498182869385,0.002518111014247354,0.3,0.20516827757239592,0.23457519788029155,0.3918267110421232,2007.4399785167811,0.0010861574841603675,2005.1941048317567,3.2031712484240464,0.33803448721352847,1.2544472859145528,1.7197052801826083,0.00012550450341698962,1.4441528133910226,3.5020299243153596,1.4171961504187418,3.0394349040081816,0.9601645976674482,1.2840474961078194,2.0,2.792178866816732,2.0,3.3169361469801113,0.13878446170428793,1997.75835520788,3.2294100117083695,0.24985639735737492,0.40033266979709653,0.5305092649629526,0.33614200416694684,0.06914784687938938,0.6341728209301556,0.2522754296309786,0.8,0.6692953357639165,1978.3194973338236,1975.12342147396,1976.366026965608,0.0011954319969500963,1990.0,2.8971013734712225,0.07866852315843703,6,-16.689622598710283,30,30868,Simulation_V5EF3COE
0.5453498182869385,0.002518111014247354,0.3,0.20516827757239592,0.23457519788029155,0.3918267110421232,2007.4399785167811,0.0010861574841603675,2005.1941048317567,3.2031712484240464,0.33803448721352847,1.2544472859145528,1.7197052801826083,0.00012550450341698962,1.4441528133910226,3.5020299243153596,1.4171961504187418,3.0394349040081816,0.9601645976674482,1.2840474961078194,2.0,2.792178866816732,2.0,3.3169361469801113,0.13878446170428793,1997.75835520788,3.2294100117083695,0.24985639735737492,0.40033266979709653,0.5305092649629526,0.33614200416694684,0.06914784687938938,0.6341728209301556,0.2522754296309786,0.8,0.6692953357639165,1978.3194973338236,1975.12342147396,1976.366026965608,0.0011954319969500963,1990.0,2.8971013734712225,0.07866852315843703,6,-16.689622598710283,31,30133,Simulation_23HDPZZ3
0.5453498182869385,0.002518111014247354,0.3,0.20516827757239592,0.23457519788029155,0.3918267110421232,2007.4399785167811,0.0010861574841603675,2005.1941048317567,3.2031712484240464,0.33803448721352847,1.2544472859145528,1.7197052801826083,0.00012550450341698962,1.4441528133910226,3.5020299243153596,1.4171961504187418,3.0394349040081816,0.9601645976674482,1.2840474961078194,2.0,2.792178866816732,2.0,3.3169361469801113,0.13878446170428793,1997.75835520788,3.2294100117083695,0.24985639735737492,0.40033266979709653,0.5305092649629526,0.33614200416694684,0.06914784687938938,0.6341728209301556,0.2522754296309786,0.8,0.6692953357639165,1978.3194973338236,1975.12342147396,1976.366026965608,0.0011954319969500963,1990.0,2.8971013734712225,0.07866852315843703,6,-16.689622598710283,32,3969,Simulation_3SOL5CA6
0.5602492680620698,0.001937921576052375,0.23547438344920318,0.2367121004202212,0.20951745802124244,0.39680186136035506,2009.393428889624,0.0014212154465748168,2003.8398348350254,3.532401477984156,0.3533210516921032,1.6955111456742944,2.2803682199353474,0.00012769725409032646,1.2985747390448235,3.618902191121168,1.4339072650938058,2.841395487358045,1.0045755710920155,1.159569717732501,2.0,2.9445810109701727,2.0,3.387609946695642,0.20668849597676378,1997.1357382197536,2.640921617780198,0.343644339368373,0.5,0.5970391135125379,0.419513595513637,0.12217831935813024,0.7371184707036672,0.2966851105391905,0.7420684998460771,0.7090842599524534,1977.2153939754355,1977.431976710906,1973.2393769429286,0.0009475304884516821,1990.6698516305416,3.3122844518389405,0.132252656166562,3,-16.72566792808032,33,27494,Simulation_EZK4413T
0.6510686658602625,0.003209069257761374,0.2759290029371557,0.16178761886928977,0.19206755801926995,0.4119831929670916,2009.8391878757186,0.0008124153089080486,2003.796519232571,3.958462856295861,0.20755755937103593,1.428255802104671,1.6820952071890884,0.00013403452078631733,1.3057880628979006,4.0,1.276078375942958,2.8128675222016235,1.2015238013193839,1.5417643079559578,2.0,2.1247068326318073,1.9576506000304965,3.7598969453999103,0.26303337715776626,1993.3551183635427,2.7465263410409175,0.19610507905274752,0.31139349437621505,0.5510572477873417,0.3328926143997619,0.16042093516766676,0.6080894981099293,0.28405016149052315,0.6720864144160711,0.6298350538942435,1977.941919042002,1974.0980674395612,1973.105834748072,0.0008394556233345189,1990.46469543271,3.230534895136672,0.0,13,-18.894440124589345,34,50252,Simulation_X0XBBOK6
0.5602492680620698,0.001937921576052375,0.23547438344920318,0.2367121004202212,0.20951745802124244,0.39680186136035506,2009.393428889624,0.0014212154465748168,2003.8398348350254,3.532401477984156,0.3533210516921032,1.6955111456742944,2.2803682199353474,0.00012769725409032646,1.2985747390448235,3.618902191121168,1.4339072650938058,2.841395487358045,1.0045755710920155,1.159569717732501,2.0,2.9445810109701727,2.0,3.387609946695642,0.20668849597676378,1997.1357382197536,2.640921617780198,0.343644339368373,0.5,0.5970391135125379,0.419513595513637,0.12217831935813024,0.7371184707036672,0.2966851105391905,0.7420684998460771,0.7090842599524534,1977.2153939754355,1977.431976710906,1973.2393769429286,0.0009475304884516821,1990.6698516305416,3.3122844518389405,0.132252656166562,3,-16.72566792808032,35,58882,Simulation_ZVDP57MQ
0.7164090245084843,0.0028865151200302493,0.27303651408760743,0.2721474692927021,0.22849798508155428,0.5,2012.2276591434904,0.0015659841625260762,2005.9945062518016,3.5810089221248145,0.2822193792315727,1.6494165599957393,1.4040160463181341,0.00014537454973904452,1.254942209446833,3.190317757073468,1.5336463367491309,3.2851475997018444,1.2417140685170562,1.5199043017230642,2.0,2.2612175818645612,1.939796073805686,3.480726257634646,0.19604003574904705,1996.1666317814309,2.0337516904379114,0.3086094620051783,0.21516193909144316,0.4710711576337757,0.34349099893483576,0.10011271918933448,0.7278752182769103,0.23718726950390445,0.8,0.6437416139077594,1981.5192144479024,1973.2760433791361,1974.9408211901675,0.0007144659489725959,1992.5005705263966,2.3429121850835144,0.0748626472527773,12,-17.166839950269836,36,44120,Simulation_RLKUDTRM
0.6003603370567727,0.002143048097840331,0.2942096244499494,0.2267459590899213,0.23490529141161393,0.30719784287239,2010.0986969331839,0.001534943164686933,2004.9777192941337,3.0659043952022014,0.4,1.5846986893008548,1.6189222975173967,0.00011078844589901134,1.403456882568934,3.075883168692614,1.3390436356508209,2.9772452195524037,0.9,1.4362533624731657,2.0,2.0449872211627134,2.0,3.622537157449787,0.2191533847807099,1995.0804778554498,3.4939899190521726,0.30084782820319644,0.4091260789641249,0.5850070479432327,0.4420160124470472,0.11140157010545912,0.5268139703997632,0.31999406427583815,0.7486477833551299,0.6633520719957293,1976.667691082837,1975.4570562307765,1975.0214000731685,0.0013502899611595048,1991.393938619725,3.065136691751853,0.0,6,-18.251140471477086,37,20237,Simulation_IS2BGGZO
0.6980165932914406,0.0034407248349222204,0.3,0.18612229495994978,0.2168399493833509,0.5,2007.2944684459962,0.0012318299818480157,2004.1372009751738,3.5154981472448754,0.2653509325525205,1.0,1.6642667359442385,0.00016798525443899418,1.0104941483885184,3.3985812931472346,1.4047912688379924,3.202387111755735,1.0694494975278908,1.467108537809029,1.9045974782084905,2.430417039773164,2.0,3.5141227856599127,0.31876571758953637,1990.0,2.5640076749640746,0.21508281741331742,0.33452877469726733,0.6,0.327980574708206,0.1604401999011594,0.7063031121995961,0.289764166748656,0.7727581444821262,0.5661725158903996,1977.839097014066,1973.535206601949,1972.1487050834098,0.0008519117427671795,1991.0744374047206,2.7975542214163087,0.035631026140344524,13,-18.39388196875301,38,56342,Simulation_MEQ9JHKA
0.7623949519277673,0.003307954592366997,0.3,0.2134856670834206,0.20824477029166988,0.45945478196571754,2010.4522505696123,0.0010521964643609133,2003.5946151365868,2.5031303437117733,0.26633547966096266,1.8592638244639448,1.8163169406363886,0.00014323045645962972,1.0642122400690008,3.6283416546381067,1.3334045204971339,3.3113726849515106,1.0079863507650801,1.2213999435521112,1.7720405209554915,2.196700004350732,2.0,3.045636384700853,0.3197042674769226,1991.118976215992,2.2613076992721504,0.23413533926937533,0.32934552491074953,0.46890265188506086,0.28417950929383584,0.14569232475524385,0.7192076911136741,0.2793922835337645,0.8,0.7178927329246392,1977.2657303844358,1973.3514201233463,1973.6189603049468,0.001155946257108039,1990.0,2.546961186317121,0.015196825996347897,13,-17.70461622557691,39,28321,Simulation_IQ7C63SN
0.7686845138356778,0.002830432019014717,0.3,0.21769645627189543,0.24663655751369853,0.44392004362738074,2009.8456605096467,0.0012834544610079263,2004.0399359582495,3.8719371440135455,0.25428594451569814,1.9670640107728872,1.8775961667217145,0.00011089918404527243,1.0340572648594215,4.0,1.2836629622936633,3.438491428836428,1.280777320449517,1.2633225245556237,2.0,2.264131788002317,2.0,3.509942499752005,0.230488195893588,1992.5080555382556,2.848235286248135,0.2611945035158611,0.2923532242226821,0.5744836495259555,0.2586879654089163,0.1284771303434516,0.6440942929339545,0.26761150662034766,0.8,0.6069309145857799,1979.7717947741135,1972.3265904206596,1971.0881488059135,0.0013423716257005423,1990.8812190393983,2.571989329640491,0.0974567645602441,14,-16.966173915991373,40,40713,Simulation_OO4U7XRT
0.6094857916747697,0.0020054561298798075,0.18969902353490406,0.19823808888803895,0.21492198422142847,0.36714244648911293,2009.4472681305065,0.001726308214590702,2000.872445952313,2.688059766619556,0.26901443367064803,1.8199650848301772,1.8827703776038733,0.00011521318305551573,1.4909863576057558,3.489601019192367,1.373791806017236,2.830567364925928,0.9863465500848206,1.0190748520267483,1.8444564175602003,3.3707754276460933,1.9319326488843516,2.8987713266042876,0.151161974634742,1997.2860449457128,2.8164668801772503,0.3174534977202377,0.36717300595355806,0.6,0.3141959226543421,0.10656345620292387,0.7874164204194107,0.3141962578548158,0.6541354469589098,0.6392748861014235,1976.4766195281304,1973.9400693710313,1975.603607190762,0.0013919785746660343,1996.9598337695534,2.8302770761705043,0.22062589195745963,1,-20.445873171838706,41,32997,Simulation_QAKPYKN1
0.7745403702026316,0.002966142035048255,0.3,0.2145048909717351,0.2188884714587872,0.5,2011.0315712985075,0.0016131341622816799,2008.923893313918,3.965197491972991,0.2873671031935991,1.4663068778267867,1.6999833939511477,0.00012417629968658012,1.1198323828266454,3.7227741799410787,1.372345897271565,3.2743127916818078,1.2321563273463598,1.4121774963535638,1.8912133784466563,2.3069934098536042,1.9501870417935123,3.372093017679837,0.3232617882838201,1990.0,1.3364389688293745,0.18974195058392113,0.3462649809753045,0.6,0.42044706982514113,0.14959476043408815,0.5684042224003086,0.22052580687407639,0.790872004135701,0.5858845760078479,1977.752094283989,1975.165399681711,1972.293301509945,0.0010038779647572524,1990.9561534425682,2.8834915272080184,0.08007430398455362,13,-18.18670078456867,42,6557,Simulation_3OVGYX4J
0.6989301181089246,0.0035486733004942723,0.3,0.2156450982402234,0.23493793797559584,0.5,2007.0304528429917,0.0009023524395639026,2006.5099536316714,3.3783301188582078,0.28367340160519783,1.5102947556499084,1.6112744716790917,0.00017818828512329232,1.1080902053283561,3.9033732889767347,1.3211786041180045,3.135431789188647,1.0431556677066507,1.4570001480734642,1.7028978799504646,2.575425997675126,1.8501478375551947,3.359401869565967,0.2622391353987261,1991.7423503781838,2.63076467735647,0.25219496976856853,0.30658463715982864,0.5273813409998468,0.30427465518418056,0.18728398978330696,0.46611590788141,0.2144435944574709,0.8,0.5988142592661402,1978.0333591484011,1972.5398041458352,1970.73631429083,0.0013826675921499013,1991.1942221052605,2.7280329379835586,0.0,13,-18.821005242423695,43,16366,Simulation_Q6W7XCU8
0.7275985526139721,0.003002141767979273,0.3,0.20219107435947994,0.21403965703602368,0.5,2010.4294721180954,0.0011353060211830384,2006.1361258366203,3.5628322767712284,0.2805700631332648,1.6201482734156087,1.82520015310728,0.00013508778332560185,1.1039320315578147,3.913501507402552,1.328391870478734,3.151180054162586,1.1232137384090168,1.402263355888941,1.791443509480577,2.4566036394848223,1.9922708169001746,3.5944409533134647,0.2932017465853289,1991.5010756535144,2.4384867011613465,0.24154101653821028,0.31590555354415334,0.6,0.3191034048548319,0.15075993785609149,0.6154603636254782,0.2293722806255264,0.8,0.6120219797732992,1978.8237742338085,1973.3047821371983,1972.9182791083772,0.0009248378879249816,1990.0,2.9194466105554273,0.025683515093253336,13,-17.237461371419037,44,25919,Simulation_XQM4SCRU
0.7686845138356778,0.002830432019014717,0.3,0.21769645627189543,0.24663655751369853,0.44392004362738074,2009.8456605096467,0.0012834544610079263,2004.0399359582495,3.8719371440135455,0.25428594451569814,1.9670640107728872,1.8775961667217145,0.00011089918404527243,1.0340572648594215,4.0,1.2836629622936633,3.438491428836428,1.280777320449517,1.2633225245556237,2.0,2.264131788002317,2.0,3.509942499752005,0.230488195893588,1992.5080555382556,2.848235286248135,0.2611945035158611,0.2923532242226821,0.5744836495259555,0.2586879654089163,0.1284771303434516,0.6440942929339545,0.26761150662034766,0.8,0.6069309145857799,1979.7717947741135,1972.3265904206596,1971.0881488059135,0.0013423716257005423,1990.8812190393983,2.571989329640491,0.0974567645602441,14,-16.966173915991373,45,8851,Simulation_NV25OHNB
0.5830699074478006,0.002949958154282464,0.21789178684964078,0.21063769876867844,0.20141341441424362,0.2999000144778916,2004.927064792378,0.000839378220989711,2000.6357491846177,2.911986493751834,0.30126971095721444,1.5604419313801632,2.0387316884843742,8.602656309737846e-05,1.227429094685268,3.0646689360824273,1.2494831765308012,3.1410719121983806,1.0744489462107,1.2219378393976008,1.974459203482657,3.3769683865577553,1.9826102088887028,2.964910816867642,0.09355114716163508,1999.126269885899,2.6413330898364613,0.3126185923982217,0.47798208071758386,0.6,0.38667857159650315,0.12156159287363252,0.648947886959604,0.22610156983738763,0.7503356072355123,0.6850005998808802,1975.2474665527377,1975.826761141637,1975.9832434325115,0.00127213760758361,1995.2491972634493,2.839934401223589,0.24212941271738134,1,-23.427679443338427,46,64889,Simulation_XNBLV1MZ
0.6937613421816067,0.003053110868233976,0.2632109651324984,0.22276936461491204,0.237811315621435,0.47050114724360437,2010.0879209390953,0.0012657875966592758,2004.9557888523457,3.959253310519031,0.2491927996739241,1.657640866437152,1.1684458710531165,0.00010942637895300575,0.9,4.0,1.2639331710723012,3.1141801374399263,1.298281290161043,1.502684394944032,1.8345800398631742,2.2544052606166853,2.0,3.4808835462066705,0.3148986690224779,1990.0,2.628226499528228,0.19235611735210476,0.36512954743497494,0.6,0.2695838808194293,0.13794910126466095,0.7135617587493251,0.2625216562492074,0.7537395663005807,0.55766170746742,1979.1446257350508,1973.030013640971,1970.3369601802951,0.0012530547867357059,1990.0,2.485456383504543,0.026690503484789227,14,-19.131267392447842,47,14994,Simulation_UVX51SNS
0.743117408099137,0.002930159114607757,0.3,0.18552028330115233,0.2369824884053439,0.48031213536073,2010.5960436711018,0.0011219033245703045,2006.0650463655654,3.6926065594298505,0.2700201031870864,1.6263205660715327,1.5014680499410034,0.00012030460171117075,0.9095484674937382,4.0,1.2553793085430482,3.3181932724818415,1.308701011988908,1.431785087782072,1.905374826816483,2.2520405524599747,2.0,3.4034706820641283,0.27076220577697174,1991.2510955332725,2.799798184688219,0.23505068920083197,0.3087484077870246,0.5735405310440502,0.2934976151329603,0.14615398324375325,0.6286657722108248,0.19440842050222276,0.8,0.5768100742008015,1979.0838253209567,1972.8656714236101,1971.6090161698105,0.0011580140724298483,1990.2220231393053,3.0446703322675863,0.038994582458077506,14,-18.39093443478135,48,52802,Simulation_IUP2IOM5
0.694534252367952,0.0032535776192437697,0.29958050089520877,0.15216226243258113,0.20766980099084453,0.4936441345404594,2009.1540249360273,0.0012717422945158147,2006.8922282559026,3.665096726036533,0.35415869794440846,1.8645232108003107,1.5355067009391297,0.0001364135017425297,0.9221213729899612,3.7790421732311414,1.310069721463316,3.2951687226651933,1.1443382254032115,1.4143236900926432,1.8314236044360577,2.4684027755510445,1.9036310721485734,3.6632656055352286,0.3789861147695907,1990.0,2.1834417862627276,0.2460943774599742,0.2838291640239183,0.5999676057399219,0.32671790206094586,0.11580476238880788,0.6277192971614214,0.2605401720226925,0.8,0.6233150866678575,1978.2923260293228,1972.6306355293464,1971.0705933635163,0.0003680862976828388,1991.5866449435832,3.1292054513039935,0.03481390173442486,13,-20.108702505299856,49,8857,Simulation_KS0DI585
0.7383498239712352,0.002685525239881353,0.3,0.17322988789899543,0.21183637731538943,0.5,2007.846453337997,0.0011138606283191273,2004.3538778718796,4.0,0.2555120852273868,1.7870314149709539,1.2251415243040926,0.00014472286720246914,0.9,4.0,1.0580544214929715,3.202915053220418,1.6554684829415491,1.4184817886200065,1.763032326767913,2.317549928604919,1.910996947081299,3.315062269935146,0.30767382674534133,1990.1906826093673,3.0235208442868022,0.30179254295121305,0.29972280067917256,0.6,0.33157793566166427,0.1653667401790166,0.5962409899219955,0.16919762640113065,0.8,0.507902567208854,1977.705073797903,1971.092877613779,1972.3441574696024,0.0014169192919011439,1990.0,2.973756844977822,0.04118135764977417,14,-17.211781351011663,50,42258,Simulation_4XXVBITK
0.6127607941176928,0.0019842535111714364,0.25585033263997337,0.26945782423722286,0.22284909884637152,0.3682279826215489,2008.2200202387367,0.0015315478706611888,2005.350921779628,3.476112474147184,0.2888275149880475,2.0992641389734183,1.5886131699544226,0.00012768025038980283,1.377236975190759,3.776858604738302,1.3497783401901882,3.0004665059676556,0.9143706425913254,1.2514667283481895,1.9003151954571251,3.108228839779112,1.885371006039515,3.737500100466856,0.18427200902496224,1996.22013013028,2.5997319462111927,0.39462096421357773,0.3762015010264833,0.5862981061786721,0.34315803536766504,0.06083315081122123,0.7165229677160659,0.36825302642455227,0.73926941066136,0.670724462155637,1976.3012161692493,1976.660285791522,1976.3211018134189,0.001012019936388312,1995.043612302899,3.7312792201688145,0.033094761130830916,3,-16.83818622510467,51,46814,Simulation_661XNPUH
0.6003603370567727,0.002143048097840331,0.2942096244499494,0.2267459590899213,0.23490529141161393,0.30719784287239,2010.0986969331839,0.001534943164686933,2004.9777192941337,3.0659043952022014,0.4,1.5846986893008548,1.6189222975173967,0.00011078844589901134,1.403456882568934,3.075883168692614,1.3390436356508209,2.9772452195524037,0.9,1.4362533624731657,2.0,2.0449872211627134,2.0,3.622537157449787,0.2191533847807099,1995.0804778554498,3.4939899190521726,0.30084782820319644,0.4091260789641249,0.5850070479432327,0.4420160124470472,0.11140157010545912,0.5268139703997632,0.31999406427583815,0.7486477833551299,0.6633520719957293,1976.667691082837,1975.4570562307765,1975.0214000731685,0.0013502899611595048,1991.393938619725,3.065136691751853,0.0,6,-18.251140471477086,52,12432,Simulation_YAZ6I4D1
0.7856983413082387,0.0031812387854608794,0.2827069403644853,0.17593628465093392,0.246528533316311,0.4294589704531689,2008.9063928602893,0.0009212419839753943,2003.5384055581271,2.953756212359913,0.2716072861652047,1.8803672424203262,1.424164513668303,0.00011629275477724188,0.9,4.0,1.3006340816456103,3.423761212965174,1.2615998658725633,1.6027796284098261,1.8965074537818518,2.1371240444716113,2.0,3.242319514468218,0.2867151577947809,1990.6808757997903,3.2912567381535394,0.25747385339685325,0.3025092571200327,0.476248612904791,0.2891467791840479,0.1488715693101373,0.6334945218676562,0.1382811027197096,0.8,0.5729987286759154,1979.8461306542476,1974.7712970198327,1971.7924404826113,0.0010766950202355037,1991.8177491564272,3.2431139875724377,0.03990277394325587,14,-17.145938888208846,53,29929,Simulation_N7ZNSHDI
0.7114424312822866,0.003269679425868596,0.23846979877618993,0.2587413284641349,0.2428704614923065,0.5,2007.325365203885,0.0013632171665463437,2006.363808368647,4.0,0.3548777407530929,1.5248238238630296,2.1998207426671486,9.258602683307341e-05,1.365909162487204,3.2464665335656564,1.3749676711493584,3.4148033154348356,1.1030221963268887,1.387213427189723,1.7357530104932395,2.4413107314197857,1.8517422938586,2.8475673027903206,0.21188137373297533,1995.2323898761963,2.0275815111077087,0.29230521251612696,0.21748980142703467,0.4538312087551025,0.31434013097894486,0.12876319493011196,0.5127189858684568,0.23218487596804252,0.8,0.6623148563476423,1981.0682919676851,1975.8077420010634,1971.5200260021793,0.0011601418124073688,1992.746811970251,3.2834340708032244,0.0,12,-18.17497466475918,54,3928,Simulation_8235UB40
0.7427669057192755,0.0034513047524593124,0.2422125471307276,0.2358656288729486,0.23291024672682825,0.4274889563165133,2010.8503177668176,0.0013060992504223365,2007.1149542031433,4.0,0.33969597150278075,1.6163800903963366,1.714043569488049,9.529054583958206e-05,1.211578981205779,3.82032911664986,1.2470398080448268,3.2660080046466677,1.0501640356567459,1.4145638616972456,1.8078476103126724,2.2685099867781404,1.9961606369391047,2.9166075683967425,0.20978622698588026,1996.1302342997842,1.8575781791454409,0.34460114269810915,0.2900843082870621,0.5019485663351173,0.2642583169059332,0.11897155328927266,0.5685673022633978,0.22471963288657631,0.7974543933175795,0.7162492816321788,1979.6918580098732,1974.321184444077,1971.5140366073522,0.0011399640281384545,1992.8586689699673,2.9409604546796624,0.004606708191996697,12,-20.068460940355507,55,64193,Simulation_D7U2X3QX
0.7191396296478902,0.0029814220601111427,0.27652025857301715,0.21985816531828448,0.2570969590381925,0.5,2009.2461931391142,0.00112343891672208,2006.489722264224,3.347865191209019,0.3131486862622569,1.7214502453856535,1.8424220853225113,5.8116465770516154e-05,1.3713106492536644,3.5819635080853645,1.2263105308175124,3.0721374090248137,1.194053326046522,1.4896023590902,1.860621064593815,2.090957419272256,2.0,3.294662018218758,0.20098259547133898,1994.9677367382317,1.5926858197427727,0.25867754743836147,0.2459828191903181,0.5240606262791234,0.25703570189934016,0.12128098631944292,0.5871796127549169,0.1692599016559646,0.8,0.6464274838842297,1981.855742699474,1971.8887835458142,1974.0876029476158,0.0006236841334440881,1993.005184047855,2.441536119649572,0.044637333539675916,12,-20.510800225668877,56,45750,Simulation_01KMJ5RV
0.7555028213696454,0.0031800724842910876,0.2703625335795239,0.21720119209609226,0.21566800475134348,0.4935762891452976,2007.3579285246624,0.0011624401354240405,2007.4251094012095,3.7953984540164383,0.30921999679875545,1.6584013562612538,1.900894143293922,0.00012014623544922152,1.173251740220019,3.8318090522258292,1.4390102519184749,2.8506549755261057,1.0898024798309707,1.4796268557451389,2.0,2.768852159840186,1.801419286962342,3.396634789484719,0.30111847379598544,1993.4860343855678,2.1628012468777467,0.27994570404847946,0.21945735507515965,0.6,0.30813241283942355,0.10681766593851262,0.6515149548783994,0.13797460438052495,0.6800101724756906,0.6489574584841995,1979.9686558500014,1972.17229556676,1973.6787022580984,0.000696179290414922,1993.72018200212,3.0838668392800965,0.06965690778544131,12,-18.0184198471009,57,27882,Simulation_MPD137TP
0.5602492680620698,0.001937921576052375,0.23547438344920318,0.2367121004202212,0.20951745802124244,0.39680186136035506,2009.393428889624,0.0014212154465748168,2003.8398348350254,3.532401477984156,0.3533210516921032,1.6955111456742944,2.2803682199353474,0.00012769725409032646,1.2985747390448235,3.618902191121168,1.4339072650938058,2.841395487358045,1.0045755710920155,1.159569717732501,2.0,2.9445810109701727,2.0,3.387609946695642,0.20668849597676378,1997.1357382197536,2.640921617780198,0.343644339368373,0.5,0.5970391135125379,0.419513595513637,0.12217831935813024,0.7371184707036672,0.2966851105391905,0.7420684998460771,0.7090842599524534,1977.2153939754355,1977.431976710906,1973.2393769429286,0.0009475304884516821,1990.6698516305416,3.3122844518389405,0.132252656166562,3,-16.72566792808032,58,38945,Simulation_XWRY470D
0.7336172812912296,0.003191422156925754,0.3,0.17016126849437993,0.18859923510219095,0.5,2008.1996266474061,0.0010662258716345621,2006.945524161467,3.5918894988331957,0.26070680535451246,1.667287500046329,1.9178281163413713,0.00015348289192658812,1.1646072638646812,4.0,1.3586976522507748,3.571889393438701,1.169773453728052,1.609369012560795,1.786466790187749,2.635110381553384,2.0,3.8202126013558786,0.23575381495638095,1990.0,2.340034018640472,0.25858296423489296,0.3496531019317019,0.6,0.3518981151022629,0.14232590109892368,0.682405913353121,0.31013835228695397,0.8,0.5701367322984949,1979.2316644206703,1973.6191801193304,1971.7223946784607,0.0006978489806043444,1991.8417614409332,3.073862353950596,0.03634060608080267,13,-17.128182002133528,59,48197,Simulation_DRGBQHDL
0.6719173162672583,0.003560656713147199,0.3,0.17721004075264624,0.22325906101634724,0.5,2007.2856904294542,0.0008059423717883562,2005.7561022486889,3.5035277638179116,0.2514823417572403,1.5251639162910497,1.8415670522877203,0.00010434677710812989,1.1374733757276763,4.0,1.4501817423127734,3.216194786214161,1.2229172667905819,1.4373195789183242,1.9363814203523286,2.1169503180156157,1.8287308848116446,3.992902460043517,0.30270805225611735,1991.8506227015234,2.49149625480764,0.2303741763644012,0.3390865406153031,0.6,0.3480708646307686,0.14775277128172218,0.7026931661918606,0.23642947676752787,0.7693885722061052,0.6194353252272853,1981.0205919563118,1973.7953007846081,1973.8686306003403,0.000588686818486767,1990.0,2.3570199695842327,0.0295319402462133,13,-20.970392827630995,60,36789,Simulation_00DWFFZ5
0.7164090245084843,0.0028865151200302493,0.27303651408760743,0.2721474692927021,0.22849798508155428,0.5,2012.2276591434904,0.0015659841625260762,2005.9945062518016,3.5810089221248145,0.2822193792315727,1.6494165599957393,1.4040160463181341,0.00014537454973904452,1.254942209446833,3.190317757073468,1.5336463367491309,3.2851475997018444,1.2417140685170562,1.5199043017230642,2.0,2.2612175818645612,1.939796073805686,3.480726257634646,0.19604003574904705,1996.1666317814309,2.0337516904379114,0.3086094620051783,0.21516193909144316,0.4710711576337757,0.34349099893483576,0.10011271918933448,0.7278752182769103,0.23718726950390445,0.8,0.6437416139077594,1981.5192144479024,1973.2760433791361,1974.9408211901675,0.0007144659489725959,1992.5005705263966,2.3429121850835144,0.0748626472527773,12,-17.166839950269836,61,19989,Simulation_N5TWIXMV
0.7555028213696454,0.0031800724842910876,0.2703625335795239,0.21720119209609226,0.21566800475134348,0.4935762891452976,2007.3579285246624,0.0011624401354240405,2007.4251094012095,3.7953984540164383,0.30921999679875545,1.6584013562612538,1.900894143293922,0.00012014623544922152,1.173251740220019,3.8318090522258292,1.4390102519184749,2.8506549755261057,1.0898024798309707,1.4796268557451389,2.0,2.768852159840186,1.801419286962342,3.396634789484719,0.30111847379598544,1993.4860343855678,2.1628012468777467,0.27994570404847946,0.21945735507515965,0.6,0.30813241283942355,0.10681766593851262,0.6515149548783994,0.13797460438052495,0.6800101724756906,0.6489574584841995,1979.9686558500014,1972.17229556676,1973.6787022580984,0.000696179290414922,1993.72018200212,3.0838668392800965,0.06965690778544131,12,-18.0184198471009,62,50982,Simulation_IHI32ONO
0.6127607941176928,0.0019842535111714364,0.25585033263997337,0.26945782423722286,0.22284909884637152,0.3682279826215489,2008.2200202387367,0.0015315478706611888,2005.350921779628,3.476112474147184,0.2888275149880475,2.0992641389734183,1.5886131699544226,0.00012768025038980283,1.377236975190759,3.776858604738302,1.3497783401901882,3.0004665059676556,0.9143706425913254,1.2514667283481895,1.9003151954571251,3.108228839779112,1.885371006039515,3.737500100466856,0.18427200902496224,1996.22013013028,2.5997319462111927,0.39462096421357773,0.3762015010264833,0.5862981061786721,0.34315803536766504,0.06083315081122123,0.7165229677160659,0.36825302642455227,0.73926941066136,0.670724462155637,1976.3012161692493,1976.660285791522,1976.3211018134189,0.001012019936388312,1995.043612302899,3.7312792201688145,0.033094761130830916,3,-16.83818622510467,63,9311,Simulation_V1ENZD1S
0.5175172240070764,0.0018125734187461973,0.26514799833626923,0.2447846618072569,0.26820840497720855,0.3644094577255246,2007.133234242689,0.0016872473570163167,2005.4650651035824,3.2842129866350005,0.3349903972709507,1.799578700059178,2.559326725886405,0.0001362186968123252,1.3620601164377333,3.3814819951444615,1.44089450216734,2.632468839329992,0.9,1.308079477082383,1.8207095356812657,3.091122690002202,1.8685458525722314,3.433376518593003,0.18510285109895955,1993.2986629780698,3.267303755555947,0.3748870651901274,0.4799204126382183,0.5553915123291311,0.4187099752590948,0.11146677185409243,0.8,0.290498666875752,0.6154829822000955,0.7025347620307589,1974.6747376076796,1977.2312805826004,1975.278549422968,0.0011595757822554502,1990.0,3.3251921538594247,0.06891473686080042,3,-21.375869129650916,64,28792,Simulation_B72J8Q9E
0.6937613421816067,0.003053110868233976,0.2632109651324984,0.22276936461491204,0.237811315621435,0.47050114724360437,2010.0879209390953,0.0012657875966592758,2004.9557888523457,3.959253310519031,0.2491927996739241,1.657640866437152,1.1684458710531165,0.00010942637895300575,0.9,4.0,1.2639331710723012,3.1141801374399263,1.298281290161043,1.502684394944032,1.8345800398631742,2.2544052606166853,2.0,3.4808835462066705,0.3148986690224779,1990.0,2.628226499528228,0.19235611735210476,0.36512954743497494,0.6,0.2695838808194293,0.13794910126466095,0.7135617587493251,0.2625216562492074,0.7537395663005807,0.55766170746742,1979.1446257350508,1973.030013640971,1970.3369601802951,0.0012530547867357059,1990.0,2.485456383504543,0.026690503484789227,14,-19.131267392447842,65,5380,Simulation_1X34IY1M
0.7275985526139721,0.003002141767979273,0.3,0.20219107435947994,0.21403965703602368,0.5,2010.4294721180954,0.0011353060211830384,2006.1361258366203,3.5628322767712284,0.2805700631332648,1.6201482734156087,1.82520015310728,0.00013508778332560185,1.1039320315578147,3.913501507402552,1.328391870478734,3.151180054162586,1.1232137384090168,1.402263355888941,1.791443509480577,2.4566036394848223,1.9922708169001746,3.5944409533134647,0.2932017465853289,1991.5010756535144,2.4384867011613465,0.24154101653821028,0.31590555354415334,0.6,0.3191034048548319,0.15075993785609149,0.6154603636254782,0.2293722806255264,0.8,0.6120219797732992,1978.8237742338085,1973.3047821371983,1972.9182791083772,0.0009248378879249816,1990.0,2.9194466105554273,0.025683515093253336,13,-17.71887535863724,66,51285,Simulation_XHKEUPDP
0.7383498239712352,0.002685525239881353,0.3,0.17322988789899543,0.21183637731538943,0.5,2007.846453337997,0.0011138606283191273,2004.3538778718796,4.0,0.2555120852273868,1.7870314149709539,1.2251415243040926,0.00014472286720246914,0.9,4.0,1.0580544214929715,3.202915053220418,1.6554684829415491,1.4184817886200065,1.763032326767913,2.317549928604919,1.910996947081299,3.315062269935146,0.30767382674534133,1990.1906826093673,3.0235208442868022,0.30179254295121305,0.29972280067917256,0.6,0.33157793566166427,0.1653667401790166,0.5962409899219955,0.16919762640113065,0.8,0.507902567208854,1977.705073797903,1971.092877613779,1972.3441574696024,0.0014169192919011439,1990.0,2.973756844977822,0.04118135764977417,14,-17.211781351011663,67,16904,Simulation_PFZHMYYI
0.7079752825256161,0.0025636910596784214,0.2878194614712538,0.21060446985453976,0.20426521806833203,0.42981949674745146,2011.8428868355988,0.0011611556308084635,2006.979462848465,4.0,0.3207018117266935,2.112367974307703,1.737795971981009,0.00010681674872354994,1.001312963986314,4.0,1.1906428813421188,3.116064630772542,1.3763925340302492,1.4254284406017512,2.0,2.0480345897671843,2.0,2.781732616288976,0.23432118746080305,1994.0411557723744,2.9823624855295945,0.24545825485754452,0.2953224768382558,0.5397136138670076,0.23397934144369276,0.14042012434303006,0.6209353571400582,0.21553257511795185,0.7235271928877007,0.5622940639059306,1979.5901329522858,1972.8435623428527,1970.5284589112357,0.0011416352800016217,1990.0,2.626262370123736,0.043866828528410784,14,-19.0402835640289,68,16445,Simulation_RB9GCGZO
0.7275985526139721,0.003002141767979273,0.3,0.20219107435947994,0.21403965703602368,0.5,2010.4294721180954,0.0011353060211830384,2006.1361258366203,3.5628322767712284,0.2805700631332648,1.6201482734156087,1.82520015310728,0.00013508778332560185,1.1039320315578147,3.913501507402552,1.328391870478734,3.151180054162586,1.1232137384090168,1.402263355888941,1.791443509480577,2.4566036394848223,1.9922708169001746,3.5944409533134647,0.2932017465853289,1991.5010756535144,2.4384867011613465,0.24154101653821028,0.31590555354415334,0.6,0.3191034048548319,0.15075993785609149,0.6154603636254782,0.2293722806255264,0.8,0.6120219797732992,1978.8237742338085,1973.3047821371983,1972.9182791083772,0.0009248378879249816,1990.0,2.9194466105554273,0.025683515093253336,13,-17.237461371419037,69,1129,Simulation_JSY5XQ9J
0.5885511855635205,0.0024570363947284735,0.3,0.2054671981709404,0.23555575789781052,0.32944091546589127,2007.6268991439115,0.001572705178886603,2004.962849122924,2.8754616752404076,0.35699726607730164,1.468611687429446,1.732024275176216,0.00014506798373368273,1.4219301520510383,3.3499081318854746,1.309595986612403,3.1589346764791992,1.0103374838823702,1.4608073600850375,1.8876469442266939,2.283994202508429,1.8077439668166353,3.5272073038805147,0.18979019750309495,1997.3605066770174,2.9041416578102837,0.2021037804220503,0.41772184749555713,0.6,0.2737370667259246,0.09922254638652643,0.6840400573916364,0.29462796743779723,0.6119471748324727,0.6497081223287595,1975.9503700380183,1975.493409455348,1976.4489578682546,0.0010341323221992283,1990.0,3.2082279030541745,0.09596249654772995,6,-19.20183948854102,70,14494,Simulation_A1CY7TSG
0.603544579939695,0.001836949641628437,0.3,0.23122816128506668,0.24560616325361986,0.37535273560818905,2009.3688877291233,0.0016002531948777023,2006.4168922332226,3.655031388054323,0.27944013767960585,2.1419558468759616,2.089545838104839,9.230199597506072e-05,1.4948993084359228,2.937859467355174,1.216679398994408,3.3602016843562814,0.9488722481070324,1.3030563842304885,1.9013653082292823,2.7992041075607017,2.0,3.408002164732927,0.22407063371341063,1997.441872640132,2.789076522514928,0.3386902413305052,0.43605594966103656,0.5481890316150281,0.47146520073826476,0.08495538322678042,0.6287627489992758,0.37987120915229194,0.6464131156451725,0.6686362521899609,1975.7443516011558,1977.3890050712882,1975.780554804948,0.0009353625217172319,1993.2500190071498,3.1432068192966622,0.030937614541645647,3,-23.054731797802802,71,22626,Simulation_JGIP2LY8
0.7336172812912296,0.003191422156925754,0.3,0.17016126849437993,0.18859923510219095,0.5,2008.1996266474061,0.0010662258716345621,2006.945524161467,3.5918894988331957,0.26070680535451246,1.667287500046329,1.9178281163413713,0.00015348289192658812,1.1646072638646812,4.0,1.3586976522507748,3.571889393438701,1.169773453728052,1.609369012560795,1.786466790187749,2.635110381553384,2.0,3.8202126013558786,0.23575381495638095,1990.0,2.340034018640472,0.25858296423489296,0.3496531019317019,0.6,0.3518981151022629,0.14232590109892368,0.682405913353121,0.31013835228695397,0.8,0.5701367322984949,1979.2316644206703,1973.6191801193304,1971.7223946784607,0.0006978489806043444,1991.8417614409332,3.073862353950596,0.03634060608080267,13,-17.128182002133528,72,17426,Simulation_JUXHV8ZX
0.743117408099137,0.002930159114607757,0.3,0.18552028330115233,0.2369824884053439,0.48031213536073,2010.5960436711018,0.0011219033245703045,2006.0650463655654,3.6926065594298505,0.2700201031870864,1.6263205660715327,1.5014680499410034,0.00012030460171117075,0.9095484674937382,4.0,1.2553793085430482,3.3181932724818415,1.308701011988908,1.431785087782072,1.905374826816483,2.2520405524599747,2.0,3.4034706820641283,0.27076220577697174,1991.2510955332725,2.799798184688219,0.23505068920083197,0.3087484077870246,0.5735405310440502,0.2934976151329603,0.14615398324375325,0.6286657722108248,0.19440842050222276,0.8,0.5768100742008015,1979.0838253209567,1972.8656714236101,1971.6090161698105,0.0011580140724298483,1990.2220231393053,3.0446703322675863,0.038994582458077506,14,-18.39093443478135,73,218,Simulation_I14D1DNE
0.7586235236017099,0.0028596594752521836,0.3,0.1879025798704568,0.22461745981146553,0.5,2011.1185102279733,0.0011208332953775981,2007.9542599802014,3.784708071907888,0.25941871202859285,1.3755040398962348,2.146931347940302,0.00016425795756435367,0.9,3.700499703345866,1.4680194963558848,3.1720290272881773,1.1160563649607456,1.5715802631104907,1.7540547689709027,2.9757758133951304,2.0,3.8963857459166236,0.2772657684336763,1993.3996530561894,2.6331480817959276,0.23506717620334322,0.3272849262306141,0.4501269659518986,0.2896126590234341,0.16075175863105956,0.5504036095487899,0.2607177722594381,0.7361596748439446,0.5164048710756717,1980.9242581532515,1973.6916519673289,1973.6335969502595,0.0011159276813718316,1990.8848599522203,2.7694144016426656,0.042758297996154666,13,-20.00222985642436,74,64606,Simulation_TTIR94TW
0.743117408099137,0.002930159114607757,0.3,0.18552028330115233,0.2369824884053439,0.48031213536073,2010.5960436711018,0.0011219033245703045,2006.0650463655654,3.6926065594298505,0.2700201031870864,1.6263205660715327,1.5014680499410034,0.00012030460171117075,0.9095484674937382,4.0,1.2553793085430482,3.3181932724818415,1.308701011988908,1.431785087782072,1.905374826816483,2.2520405524599747,2.0,3.4034706820641283,0.27076220577697174,1991.2510955332725,2.799798184688219,0.23505068920083197,0.3087484077870246,0.5735405310440502,0.2934976151329603,0.14615398324375325,0.6286657722108248,0.19440842050222276,0.8,0.5768100742008015,1979.0838253209567,1972.8656714236101,1971.6090161698105,0.0011580140724298483,1990.2220231393053,3.0446703322675863,0.038994582458077506,14,-17.773739734431928,75,59261,Simulation_WTEBRWZW
0.7604307888326214,0.003318119194198641,0.27847754692904614,0.23583941182128845,0.24790092548715842,0.40475916822509234,2010.5178369850823,0.0012195167782766726,2004.5055159042806,3.5147120285816764,0.29640997892990595,1.5196354037400477,1.7302486030149282,0.00014911340260836506,1.144959654191089,4.0,1.2383686927340891,3.4829679521647035,0.9991411924574362,1.4052445828723452,1.6870194340805518,2.1613788860866503,1.926992076092295,3.5393508927097472,0.3133994648969238,1991.845923794945,2.5900500804073276,0.2402017744111685,0.31236469343146794,0.5982264484241713,0.36053080660969117,0.15800090208054665,0.6251751515965333,0.18545654265811223,0.7769370732749702,0.6122908940163403,1977.591287486644,1973.1629844519955,1974.517770490316,0.0008744220988341312,1990.0,2.8743500906852026,0.1052656118676922,13,-20.437747207080633,76,12916,Simulation_F92L1QMD
0.6980165932914406,0.0034407248349222204,0.3,0.18612229495994978,0.2168399493833509,0.5,2007.2944684459962,0.0012318299818480157,2004.1372009751738,3.5154981472448754,0.2653509325525205,1.0,1.6642667359442385,0.00016798525443899418,1.0104941483885184,3.3985812931472346,1.4047912688379924,3.202387111755735,1.0694494975278908,1.467108537809029,1.9045974782084905,2.430417039773164,2.0,3.5141227856599127,0.31876571758953637,1990.0,2.5640076749640746,0.21508281741331742,0.33452877469726733,0.6,0.327980574708206,0.1604401999011594,0.7063031121995961,0.289764166748656,0.7727581444821262,0.5661725158903996,1977.839097014066,1973.535206601949,1972.1487050834098,0.0008519117427671795,1991.0744374047206,2.7975542214163087,0.035631026140344524,13,-18.39388196875301,77,47441,Simulation_RQZZVMJA
0.7686845138356778,0.002830432019014717,0.3,0.21769645627189543,0.24663655751369853,0.44392004362738074,2009.8456605096467,0.0012834544610079263,2004.0399359582495,3.8719371440135455,0.25428594451569814,1.9670640107728872,1.8775961667217145,0.00011089918404527243,1.0340572648594215,4.0,1.2836629622936633,3.438491428836428,1.280777320449517,1.2633225245556237,2.0,2.264131788002317,2.0,3.509942499752005,0.230488195893588,1992.5080555382556,2.848235286248135,0.2611945035158611,0.2923532242226821,0.5744836495259555,0.2586879654089163,0.1284771303434516,0.6440942929339545,0.26761150662034766,0.8,0.6069309145857799,1979.7717947741135,1972.3265904206596,1971.0881488059135,0.0013423716257005423,1990.8812190393983,2.571989329640491,0.0974567645602441,14,-16.966173915991373,78,34292,Simulation_6FLSZHUV
0.6094857916747697,0.0020054561298798075,0.18969902353490406,0.19823808888803895,0.21492198422142847,0.36714244648911293,2009.4472681305065,0.001726308214590702,2000.872445952313,2.688059766619556,0.26901443367064803,1.8199650848301772,1.8827703776038733,0.00011521318305551573,1.4909863576057558,3.489601019192367,1.373791806017236,2.830567364925928,0.9863465500848206,1.0190748520267483,1.8444564175602003,3.3707754276460933,1.9319326488843516,2.8987713266042876,0.151161974634742,1997.2860449457128,2.8164668801772503,0.3174534977202377,0.36717300595355806,0.6,0.3141959226543421,0.10656345620292387,0.7874164204194107,0.3141962578548158,0.6541354469589098,0.6392748861014235,1976.4766195281304,1973.9400693710313,1975.603607190762,0.0013919785746660343,1996.9598337695534,2.8302770761705043,0.22062589195745963,1,-20.445873171838706,79,37561,Simulation_A55CFXLX
0.6127607941176928,0.0019842535111714364,0.25585033263997337,0.26945782423722286,0.22284909884637152,0.3682279826215489,2008.2200202387367,0.0015315478706611888,2005.350921779628,3.476112474147184,0.2888275149880475,2.0992641389734183,1.5886131699544226,0.00012768025038980283,1.377236975190759,3.776858604738302,1.3497783401901882,3.0004665059676556,0.9143706425913254,1.2514667283481895,1.9003151954571251,3.108228839779112,1.885371006039515,3.737500100466856,0.18427200902496224,1996.22013013028,2.5997319462111927,0.39462096421357773,0.3762015010264833,0.5862981061786721,0.34315803536766504,0.06083315081122123,0.7165229677160659,0.36825302642455227,0.73926941066136,0.670724462155637,1976.3012161692493,1976.660285791522,1976.3211018134189,0.001012019936388312,1995.043612302899,3.7312792201688145,0.033094761130830916,3,-16.83818622510467,80,31644,Simulation_FDEAQEGY
0.6283824905534281,0.0020478940585784353,0.22833839840018658,0.20911017930681775,0.26414541148477877,0.3448676976259835,2009.6335746939249,0.0013214737455253208,2002.1843862531794,2.610501536785241,0.2984017504980745,2.243725217563531,2.363628095968072,9.781845926322954e-05,1.5879432275078338,3.4429768838084684,1.3055836522867135,3.2238492965702275,0.9,1.2970319081386394,1.9364699177416724,2.596874886350127,1.9045087298921672,2.6287829777922154,0.20701962720873462,1998.7802277388746,3.365171633002209,0.3513708737865187,0.4422100550437832,0.5423838933957631,0.33917731874359014,0.10125082317276937,0.7300262927618366,0.30834554940104314,0.6673327479548921,0.6360287780890747,1975.8813307994449,1975.937815531498,1975.3466793461682,0.0012027052216981907,1992.3828179046493,3.11735346318535,0.22931869743449912,2,-20.588397030850192,81,37972,Simulation_YXWAXTJB
0.65362831401026,0.003213954021432329,0.24199270321005312,0.2207853858123708,0.2474559541842563,0.40674537054765436,2008.648047328692,0.0014111975226069507,2009.358534685314,3.1886574935917613,0.22273653265460017,1.4461029406212957,1.5205970027730549,0.0001067166775031416,1.3830499863517043,3.17284755878672,1.2350458382170375,3.3473454167021006,1.05358044327804,1.2325753450137746,1.822399125427039,2.4322148263526677,2.0,3.572261696864049,0.250827702275521,1994.538192571444,3.2378443023318586,0.32040405946812717,0.28148389023888676,0.5546212166306497,0.3661656651700733,0.06474788650975927,0.8,0.1993692688988487,0.7951954100544366,0.6844257819005375,1981.256459068549,1972.2847918271011,1975.3231493127719,0.0011264099851973656,1990.0,3.0371384392262226,0.0,8,-19.56154473066023,82,32983,Simulation_WHOUGIRM
0.7561926162711848,0.0030428484556459714,0.3,0.17468215403527412,0.2384661076655283,0.4931107963753268,2010.7480672856561,0.0011732662794630973,2006.1478651079005,3.426824125628668,0.2945774332778931,1.5543528709834642,1.643938027049965,0.00013339014393308533,0.974973129344276,3.777440328442459,1.2301834260929863,3.2178628900842776,1.246849674195852,1.5569364631038807,1.8251016585816637,2.1319840580223524,1.995479553407931,3.65586611552931,0.24138192831886976,1993.2438981855516,2.9365811753801156,0.18402128237374965,0.3580238866978315,0.6,0.36849453403866095,0.10441175729412767,0.6463458487228246,0.2377879298758877,0.7700971676282314,0.5834966939572093,1980.7686230401018,1973.5541883132842,1971.8109168076844,0.0009537768149158355,1993.3040780029655,3.4985016871567822,0.11959777297309127,14,-18.808785265389492,83,231,Simulation_XPJ2DC6B
0.6951221730831765,0.0026715052543610836,0.3,0.21508663532332964,0.2570418305220569,0.4129680301888783,2011.2274847036538,0.0015539403246736493,2007.7537996023766,3.608975192041014,0.2492157738726715,1.8622490297483663,2.020670788547566,0.00011044836889150978,1.1439212739153561,3.4066252618614743,1.3056171997799544,2.2894061951087674,1.1972501119532313,1.3150358043782417,1.7198324363634987,2.8429171503642494,2.0,3.5031459195814727,0.35070780640659344,1993.0036511050062,2.162380287150734,0.27787833731132217,0.3511520234888747,0.5780632406921139,0.32608657163433075,0.13889919341601847,0.5427223074276802,0.15121103768000876,0.8,0.5894598574143735,1979.222119935342,1973.6054073946405,1973.5347525763411,0.0009812031800821186,1990.0,3.2159270841343472,0.017157673391175878,13,-17.892535597038144,84,59885,Simulation_QFNZZ5W5
0.6951221730831765,0.0026715052543610836,0.3,0.21508663532332964,0.2570418305220569,0.4129680301888783,2011.2274847036538,0.0015539403246736493,2007.7537996023766,3.608975192041014,0.2492157738726715,1.8622490297483663,2.020670788547566,0.00011044836889150978,1.1439212739153561,3.4066252618614743,1.3056171997799544,2.2894061951087674,1.1972501119532313,1.3150358043782417,1.7198324363634987,2.8429171503642494,2.0,3.5031459195814727,0.35070780640659344,1993.0036511050062,2.162380287150734,0.27787833731132217,0.3511520234888747,0.5780632406921139,0.32608657163433075,0.13889919341601847,0.5427223074276802,0.15121103768000876,0.8,0.5894598574143735,1979.222119935342,1973.6054073946405,1973.5347525763411,0.0009812031800821186,1990.0,3.2159270841343472,0.017157673391175878,13,-17.892535597038144,85,33155,Simulation_E9TCDTEV
0.7623949519277673,0.003307954592366997,0.3,0.2134856670834206,0.20824477029166988,0.45945478196571754,2010.4522505696123,0.0010521964643609133,2003.5946151365868,2.5031303437117733,0.26633547966096266,1.8592638244639448,1.8163169406363886,0.00014323045645962972,1.0642122400690008,3.6283416546381067,1.3334045204971339,3.3113726849515106,1.0079863507650801,1.2213999435521112,1.7720405209554915,2.196700004350732,2.0,3.045636384700853,0.3197042674769226,1991.118976215992,2.2613076992721504,0.23413533926937533,0.32934552491074953,0.46890265188506086,0.28417950929383584,0.14569232475524385,0.7192076911136741,0.2793922835337645,0.8,0.7178927329246392,1977.2657303844358,1973.3514201233463,1973.6189603049468,0.001155946257108039,1990.0,2.546961186317121,0.015196825996347897,13,-17.70461622557691,86,9528,Simulation_5ECEP6S4
0.5447746001977369,0.0023010245213139864,0.3,0.23323480800568147,0.23878126453155635,0.326103694993811,2008.4827371730578,0.0013073444500669572,2001.0443765263158,2.680628527308184,0.27115223224494656,2.0814300910142696,2.4099934173123807,9.76749740256926e-05,1.475830909351747,3.455876518347771,1.3749704608693498,4.0,1.0855822990662527,1.141317884644888,1.9604831520513095,3.2103889761096016,1.9660123197045085,3.009421673177773,0.18598856087097448,1997.6492896274005,3.0500330642772684,0.33069439730676986,0.4602681493552031,0.5961602271916373,0.43117016601101976,0.03630527318949034,0.6499239218111145,0.33550495125744983,0.6240030060801537,0.6864565288621309,1977.3634025994695,1976.4827694867065,1975.094313900251,0.0010909216150722424,1994.932672666638,2.9052767825754255,0.2315962460612257,2,-19.07389272877638,87,44537,Simulation_TNTQBLKQ
0.7856983413082387,0.0031812387854608794,0.2827069403644853,0.17593628465093392,0.246528533316311,0.4294589704531689,2008.9063928602893,0.0009212419839753943,2003.5384055581271,2.953756212359913,0.2716072861652047,1.8803672424203262,1.424164513668303,0.00011629275477724188,0.9,4.0,1.3006340816456103,3.423761212965174,1.2615998658725633,1.6027796284098261,1.8965074537818518,2.1371240444716113,2.0,3.242319514468218,0.2867151577947809,1990.6808757997903,3.2912567381535394,0.25747385339685325,0.3025092571200327,0.476248612904791,0.2891467791840479,0.1488715693101373,0.6334945218676562,0.1382811027197096,0.8,0.5729987286759154,1979.8461306542476,1974.7712970198327,1971.7924404826113,0.0010766950202355037,1991.8177491564272,3.2431139875724377,0.03990277394325587,14,-17.145938888208846,88,2338,Simulation_5MDMVPF1
0.743117408099137,0.002930159114607757,0.3,0.18552028330115233,0.2369824884053439,0.48031213536073,2010.5960436711018,0.0011219033245703045,2006.0650463655654,3.6926065594298505,0.2700201031870864,1.6263205660715327,1.5014680499410034,0.00012030460171117075,0.9095484674937382,4.0,1.2553793085430482,3.3181932724818415,1.308701011988908,1.431785087782072,1.905374826816483,2.2520405524599747,2.0,3.4034706820641283,0.27076220577697174,1991.2510955332725,2.799798184688219,0.23505068920083197,0.3087484077870246,0.5735405310440502,0.2934976151329603,0.14615398324375325,0.6286657722108248,0.19440842050222276,0.8,0.5768100742008015,1979.0838253209567,1972.8656714236101,1971.6090161698105,0.0011580140724298483,1990.2220231393053,3.0446703322675863,0.038994582458077506,14,-17.773739734431928,89,32002,Simulation_0TOID91P
0.703554552354552,0.0020530397800829297,0.2024201917260743,0.23782090194973254,0.2270062331976535,0.31127283922713705,2006.010212500015,0.001107274755235356,1999.2949161564463,3.1000802380965036,0.2506781882467957,2.375888305794589,2.1301223173285564,9.753543632263206e-05,1.483707426269344,3.443306967154369,1.4100530094265615,3.8499022148295134,1.0358493355417346,1.2706805859708983,2.0,2.8762620833580823,2.0,3.131372031563924,0.20536762370849188,1998.7742382594843,3.7485353127605983,0.23966353678320867,0.3445503350483575,0.562120299508744,0.39823778152720796,0.07846296048173355,0.575809612610342,0.3075973524279088,0.7009161466582878,0.7060699604947593,1973.9343874779813,1978.7742465365989,1973.0072050997067,0.0012513521471918358,1996.9653181554247,2.833163203001277,0.08358008050612496,2,-21.170150002647787,90,57389,Simulation_O85IIGLZ
0.7079752825256161,0.0025636910596784214,0.2878194614712538,0.21060446985453976,0.20426521806833203,0.42981949674745146,2011.8428868355988,0.0011611556308084635,2006.979462848465,4.0,0.3207018117266935,2.112367974307703,1.737795971981009,0.00010681674872354994,1.001312963986314,4.0,1.1906428813421188,3.116064630772542,1.3763925340302492,1.4254284406017512,2.0,2.0480345897671843,2.0,2.781732616288976,0.23432118746080305,1994.0411557723744,2.9823624855295945,0.24545825485754452,0.2953224768382558,0.5397136138670076,0.23397934144369276,0.14042012434303006,0.6209353571400582,0.21553257511795185,0.7235271928877007,0.5622940639059306,1979.5901329522858,1972.8435623428527,1970.5284589112357,0.0011416352800016217,1990.0,2.626262370123736,0.043866828528410784,14,-19.0402835640289,91,52528,Simulation_RQH8XI85
0.5833056291558089,0.0017795374028677672,0.2723898886111765,0.24098894257305578,0.2509540546778493,0.35780483083584597,2008.2511680353239,0.001407855408431137,2002.5497440450881,3.233496170896399,0.31077697001273885,1.9421762633695656,2.010645862143642,0.0001125960741554189,1.2850471815360425,3.4698014954714824,1.3188114973655096,2.947048881808965,0.9382897390238085,1.3237634365642956,1.91685671992464,2.915429182222749,2.0,3.569985341582471,0.18557258870777882,1995.8900300156668,3.0498829372002043,0.3349720464431722,0.4500731095784648,0.6,0.40471627207264577,0.0786871647249572,0.7287708822617616,0.30743131659786255,0.6493732157860405,0.7127198351040657,1975.6438989463038,1977.2694290126487,1975.6416640496975,0.0009658292199244093,1992.5275684012704,3.0225543682535974,0.07124811460788487,2,-18.424964660042594,92,13817,Simulation_H3O9Y01F
0.6951221730831765,0.0026715052543610836,0.3,0.21508663532332964,0.2570418305220569,0.4129680301888783,2011.2274847036538,0.0015539403246736493,2007.7537996023766,3.608975192041014,0.2492157738726715,1.8622490297483663,2.020670788547566,0.00011044836889150978,1.1439212739153561,3.4066252618614743,1.3056171997799544,2.2894061951087674,1.1972501119532313,1.3150358043782417,1.7198324363634987,2.8429171503642494,2.0,3.5031459195814727,0.35070780640659344,1993.0036511050062,2.162380287150734,0.27787833731132217,0.3511520234888747,0.5780632406921139,0.32608657163433075,0.13889919341601847,0.5427223074276802,0.15121103768000876,0.8,0.5894598574143735,1979.222119935342,1973.6054073946405,1973.5347525763411,0.0009812031800821186,1990.0,3.2159270841343472,0.017157673391175878,13,-17.892535597038144,93,40635,Simulation_D2QWG8TS
0.6270925534198802,0.002885828430033985,0.3,0.2328463048016115,0.20507119294041787,0.41694621716789576,2010.9227040246392,0.0010167087219801155,2005.2203160169618,3.324488875487119,0.29934062715336657,1.5123225018148494,2.439054338116951,0.00011892694705996506,1.4925078991957184,3.8789488199295996,1.134107513520287,3.242629788972853,1.0383757991956615,1.4260351451941602,1.9147317281761167,2.539736212116375,2.0,3.2637869277736753,0.20554062408626245,1995.8639534868735,2.4727275201307615,0.41202358965355457,0.3275558647971632,0.6,0.37873061312144485,0.0930121321798681,0.7155505199784998,0.2015189901860793,0.782887112066048,0.639341436707934,1979.9992632930139,1976.3069935584474,1974.490869907188,0.0008120333383681933,1994.0371720278602,2.486844808885156,0.053729022306144826,10,-20.30735297718505,94,41810,Simulation_AL4R814Y
0.5448984490473328,0.0018458661794906355,0.2810606313784051,0.22301575570100765,0.2623972387715851,0.36701512868061015,2008.8640279270708,0.001237789163982731,2002.614947547788,3.511319954825413,0.3506422192189149,2.028584296042128,1.8519832443236022,0.00011641185053160547,1.1662357289636638,3.791720704871581,1.269618084905411,2.8899990071829422,0.9,1.2618757401513292,1.8198131123553374,2.5190458619617173,2.0,3.3155504685730843,0.14310757115120093,1997.255369620327,3.011766205848966,0.2839655503075562,0.4736923336107352,0.6,0.38598401543918925,0.11043752072368497,0.7056503591988716,0.33288584770282204,0.5574385980645431,0.7369775768022799,1973.7862440003407,1978.6132239730728,1975.8188508910403,0.0012432868818744365,1992.5822371845445,2.8915087818755536,0.009154529845437555,3,-19.433842321427782,95,44867,Simulation_JSGWSAUX
0.7053550729772606,0.002965717563745753,0.2813481568420603,0.21788484804823055,0.2411013291862574,0.5,2012.3546332567053,0.0011385905484646663,2005.1787269110819,3.919241620190755,0.24469967298169218,1.8547768360604397,1.0,0.00011506537688698954,1.037735067051889,4.0,1.3132998419291368,3.3171112130248273,1.3197629493501153,1.6925050484098914,1.7294517241376668,2.123754469597761,2.0,3.332196172085566,0.26071094887712254,1992.802181685213,2.04791519281074,0.14606287287882846,0.32950829175220697,0.5081053141997833,0.3682873222756524,0.15225262022273978,0.6537418256676105,0.1600713679190813,0.8,0.5464109303559759,1977.748166681005,1972.329880913921,1972.6995187285652,0.0012078473005838952,1990.9251236379096,2.6932402605759957,0.03904661858369481,14,-20.002183630881383,96,7507,Simulation_2FAUZGSD
0.5833056291558089,0.0017795374028677672,0.2723898886111765,0.24098894257305578,0.2509540546778493,0.35780483083584597,2008.2511680353239,0.001407855408431137,2002.5497440450881,3.233496170896399,0.31077697001273885,1.9421762633695656,2.010645862143642,0.0001125960741554189,1.2850471815360425,3.4698014954714824,1.3188114973655096,2.947048881808965,0.9382897390238085,1.3237634365642956,1.91685671992464,2.915429182222749,2.0,3.569985341582471,0.18557258870777882,1995.8900300156668,3.0498829372002043,0.3349720464431722,0.4500731095784648,0.6,0.40471627207264577,0.0786871647249572,0.7287708822617616,0.30743131659786255,0.6493732157860405,0.7127198351040657,1975.6438989463038,1977.2694290126487,1975.6416640496975,0.0009658292199244093,1992.5275684012704,3.0225543682535974,0.07124811460788487,2,-18.424964660042594,97,41019,Simulation_4FG6DL0K
0.7745403702026316,0.002966142035048255,0.3,0.2145048909717351,0.2188884714587872,0.5,2011.0315712985075,0.0016131341622816799,2008.923893313918,3.965197491972991,0.2873671031935991,1.4663068778267867,1.6999833939511477,0.00012417629968658012,1.1198323828266454,3.7227741799410787,1.372345897271565,3.2743127916818078,1.2321563273463598,1.4121774963535638,1.8912133784466563,2.3069934098536042,1.9501870417935123,3.372093017679837,0.3232617882838201,1990.0,1.3364389688293745,0.18974195058392113,0.3462649809753045,0.6,0.42044706982514113,0.14959476043408815,0.5684042224003086,0.22052580687407639,0.790872004135701,0.5858845760078479,1977.752094283989,1975.165399681711,1972.293301509945,0.0010038779647572524,1990.9561534425682,2.8834915272080184,0.08007430398455362,13,-18.18670078456867,98,20875,Simulation_J8BC54AL
0.6989301181089246,0.0035486733004942723,0.3,0.2156450982402234,0.23493793797559584,0.5,2007.0304528429917,0.0009023524395639026,2006.5099536316714,3.3783301188582078,0.28367340160519783,1.5102947556499084,1.6112744716790917,0.00017818828512329232,1.1080902053283561,3.9033732889767347,1.3211786041180045,3.135431789188647,1.0431556677066507,1.4570001480734642,1.7028978799504646,2.575425997675126,1.8501478375551947,3.359401869565967,0.2622391353987261,1991.7423503781838,2.63076467735647,0.25219496976856853,0.30658463715982864,0.5273813409998468,0.30427465518418056,0.18728398978330696,0.46611590788141,0.2144435944574709,0.8,0.5988142592661402,1978.0333591484011,1972.5398041458352,1970.73631429083,0.0013826675921499013,1991.1942221052605,2.7280329379835586,0.0,13,-18.821005242423695,99,19486,Simulation_284Q0VTG
